{"cameraMode":{"drawMode":0,"name":"Shaded","section":"Shading Mode"},"sceneLighting":true,"audioPlay":false,"sceneViewState":{"showFog":true,"showMaterialUpdate":false,"showSkybox":true,"showFlares":true,"showImageEffects":true,"showParticleSystems":true,"showVisualEffectGraphs":true,"m_FxEnabled":true},"in2DMode":false,"pivot":{"x":0.810457170009613,"y":1.9943056106567383,"z":-0.10730643570423126},"rotation":{"x":0.11858932673931122,"y":0.32851821184158327,"z":-0.04158759117126465,"w":0.9361295700073242},"size":9.411885261535645,"orthographic":true}