{"cameraMode":{"drawMode":0,"name":"Shaded","section":"Shading Mode"},"sceneLighting":true,"audioPlay":false,"sceneViewState":{"showFog":true,"showMaterialUpdate":false,"showSkybox":true,"showFlares":true,"showImageEffects":true,"showParticleSystems":true,"showVisualEffectGraphs":true,"m_FxEnabled":true},"in2DMode":false,"pivot":{"x":6.062911510467529,"y":15.421721458435059,"z":-1.7928810119628907},"rotation":{"x":0.10780886560678482,"y":0.004549806471914053,"z":0.0000274693902611034,"w":0.9943395853042603},"size":23.7690486907959,"orthographic":false}