{"cameraMode":{"drawMode":0,"name":"Shaded","section":"Shading Mode"},"sceneLighting":true,"audioPlay":false,"sceneViewState":{"showFog":true,"showMaterialUpdate":false,"showSkybox":true,"showFlares":true,"showImageEffects":true,"showParticleSystems":true},"in2DMode":false,"pivot":{"x":186.27452087402345,"y":25.52483367919922,"z":498.8372497558594},"rotation":{"x":0.09944097697734833,"y":0.8266077637672424,"z":-0.1545286327600479,"w":0.5319317579269409},"size":102.3441162109375,"orthographic":false}