{"cameraMode":{"drawMode":0,"name":"Shaded","section":"Shading Mode"},"sceneLighting":false,"audioPlay":false,"sceneViewState":{"showFog":true,"showMaterialUpdate":false,"showSkybox":false,"showFlares":true,"showImageEffects":true,"showParticleSystems":true},"in2DMode":false,"pivot":{"x":493.20001220703127,"y":0.3697996139526367,"z":-292.20001220703127},"rotation":{"x":-0.11484353989362717,"y":-0.6968110799789429,"z":0.11455260217189789,"w":-0.6989138722419739},"size":17.75554084777832,"orthographic":true}