{"cameraMode":{"drawMode":0,"name":"Shaded","section":"Shading Mode"},"sceneLighting":true,"audioPlay":false,"sceneViewState":{"showFog":true,"showMaterialUpdate":false,"showSkybox":true,"showFlares":true,"showImageEffects":true,"showParticleSystems":true},"in2DMode":false,"pivot":{"x":789.7930297851563,"y":-289.1346130371094,"z":131.15292358398438},"rotation":{"x":0.09581250697374344,"y":0.8513853549957275,"z":-0.16708491742610932,"w":0.48800650238990786},"size":470.9309387207031,"orthographic":false}