{"cameraMode":{"drawMode":0,"name":"Shaded","section":"Shading Mode"},"sceneLighting":false,"audioPlay":false,"sceneViewState":{"showFog":true,"showMaterialUpdate":false,"showSkybox":false,"showFlares":true,"showImageEffects":true,"showParticleSystems":true},"in2DMode":false,"pivot":{"x":356.4779968261719,"y":173.9114990234375,"z":270.4651794433594},"rotation":{"x":0.07349564880132675,"y":-0.8743211030960083,"z":0.13958358764648438,"w":0.45916688442230227},"size":263.9676513671875,"orthographic":true}