{"cameraMode":{"drawMode":0,"name":"Shaded","section":"Shading Mode"},"sceneLighting":true,"audioPlay":false,"sceneViewState":{"showFog":true,"showMaterialUpdate":false,"showSkybox":true,"showFlares":true,"showImageEffects":true,"showParticleSystems":true},"in2DMode":false,"pivot":{"x":138.97195434570313,"y":39.7437629699707,"z":543.287109375},"rotation":{"x":0.1954810619354248,"y":0.699016809463501,"z":-0.20845061540603639,"w":0.655524730682373},"size":41.236175537109378,"orthographic":false}